Workbook

Sheet Sheet1
A1: Date | B1: Machine ID | C1: Equipment Type | D1: Engine Hours | E1: Oil Temp. | F1: Hydraulic Pressure | G1: Fuel Consumption | H1: Fault Codes | I1: Downtime Hours | J1: Maintenance Status | K1: Repair Cost
A2: 46143 | B2: =INDEX({"CAT001","CAT002","CAT003","CAT004"}, MOD(ROW()-2,4)+1) -> CAT001 | C2: =IF(B2="CAT001","Excavator", IF(B2="CAT002","Loader", IF(B2="CAT003","Bulldozer","Excavator"))) -> Excavator | D2: 1200 | E2: 195 | G2: 18 | H2: OK | I2: 0 | J2: Normal | K2: 0
A3: 46144 | B3: =INDEX({"CAT001","CAT002","CAT003","CAT004"}, MOD(ROW()-2,4)+1) -> CAT002 | C3: =IF(B3="CAT001","Excavator", IF(B3="CAT002","Loader", IF(B3="CAT003","Bulldozer","Excavator"))) -> Loader | D3: 1207 | E3: 196 | G3: 19 | H3: OK | I3: 0 | J3: Normal | K3: 0
A4: 46145 | B4: =INDEX({"CAT001","CAT002","CAT003","CAT004"}, MOD(ROW()-2,4)+1) -> CAT003 | C4: =IF(B4="CAT001","Excavator", IF(B4="CAT002","Loader", IF(B4="CAT003","Bulldozer","Excavator"))) -> Bulldozer | D4: 1215 | E4: 195 | G4: 18 | H4: OK | I4: 0 | J4: Normal | K4: 0
A5: 46146 | B5: =INDEX({"CAT001","CAT002","CAT003","CAT004"}, MOD(ROW()-2,4)+1) -> CAT004 | C5: =IF(B5="CAT001","Excavator", IF(B5="CAT002","Loader", IF(B5="CAT003","Bulldozer","Excavator"))) -> Excavator | D5: 1222.3333 | E5: 197 | G5: 20 | H5: OK | I5: 0 | J5: Normal | K5: 0
A6: 46147 | B6: =INDEX({"CAT001","CAT002","CAT003","CAT004"}, MOD(ROW()-2,4)+1) -> CAT001 | C6: =IF(B6="CAT001","Excavator", IF(B6="CAT002","Loader", IF(B6="CAT003","Bulldozer","Excavator"))) -> Excavator | D6: 1229.8333 | E6: 196 | G6: 19 | H6: OK | I6: 0 | J6: Normal | K6: 0
A7: 46148 | B7: =INDEX({"CAT001","CAT002","CAT003","CAT004"}, MOD(ROW()-2,4)+1) -> CAT002 | C7: =IF(B7="CAT001","Excavator", IF(B7="CAT002","Loader", IF(B7="CAT003","Bulldozer","Excavator"))) -> Loader | D7: 1237.3333 | E7: 195 | G7: 18 | H7: OK | I7: 0 | J7: Normal | K7: 0
A8: 46149 | B8: =INDEX({"CAT001","CAT002","CAT003","CAT004"}, MOD(ROW()-2,4)+1) -> CAT003 | C8: =IF(B8="CAT001","Excavator", IF(B8="CAT002","Loader", IF(B8="CAT003","Bulldozer","Excavator"))) -> Bulldozer | D8: 1244.8333 | E8: 198 | G8: 20 | H8: OK | I8: 0 | J8: Normal | K8: 0
A9: 46150 | B9: =INDEX({"CAT001","CAT002","CAT003","CAT004"}, MOD(ROW()-2,4)+1) -> CAT004 | C9: =IF(B9="CAT001","Excavator", IF(B9="CAT002","Loader", IF(B9="CAT003","Bulldozer","Excavator"))) -> Excavator | D9: 1252.3333 | E9: 197 | G9: 19 | H9: OK | I9: 0 | J9: Normal | K9: 0
A10: 46151 | B10: =INDEX({"CAT001","CAT002","CAT003","CAT004"}, MOD(ROW()-2,4)+1) -> CAT001 | C10: =IF(B10="CAT001","Excavator", IF(B10="CAT002","Loader", IF(B10="CAT003","Bulldozer","Excavator"))) -> Excavator | D10: 1259.8333 | E10: 196 | G10: 18 | H10: OK | I10: 0 | J10: Normal | K10: 0
A11: 46152 | B11: =INDEX({"CAT001","CAT002","CAT003","CAT004"}, MOD(ROW()-2,4)+1) -> CAT002 | C11: =IF(B11="CAT001","Excavator", IF(B11="CAT002","Loader", IF(B11="CAT003","Bulldozer","Excavator"))) -> Loader | D11: 1267.3333 | E11: 200 | G11: 21 | H11: OK | I11: 0 | J11: Normal | K11: 0
A12: 46153 | B12: =INDEX({"CAT001","CAT002","CAT003","CAT004"}, MOD(ROW()-2,4)+1) -> CAT003 | C12: =IF(B12="CAT001","Excavator", IF(B12="CAT002","Loader", IF(B12="CAT003","Bulldozer","Excavator"))) -> Bulldozer | D12: 1274.8333 | E12: 198 | G12: 20 | H12: OK | I12: 0 | J12: Normal | K12: 0
A13: 46154 | B13: =INDEX({"CAT001","CAT002","CAT003","CAT004"}, MOD(ROW()-2,4)+1) -> CAT004 | C13: =IF(B13="CAT001","Excavator", IF(B13="CAT002","Loader", IF(B13="CAT003","Bulldozer","Excavator"))) -> Excavator | D13: 1282.3333 | E13: 197 | G13: 19 | H13: OK | I13: 0 | J13: Normal | K13: 0
... A31: 46172 | B31: =INDEX({"CAT001","CAT002","CAT003","CAT004"}, MOD(ROW()-2,4)+1) -> CAT002 | C31: =IF(B31="CAT001","Excavator", IF(B31="CAT002","Loader", IF(B31="CAT003","Bulldozer","Excavator"))) -> Loader | D31: 1417.3333 | E31: 245 | G31: 35 | H31: CRITICAL | I31: 8 | J31: Critical Repair | K31: 3500

Sheet Fault Analysis (Pivot)

Sheet Machine Dashboard
A1: Equipment Condition Monitoring Dashboard
A2: Total Downtime (hrs) | B2: =SUM(Sheet1!I:I) -> 30
A3: Total Repair Cost ($) | B3: =SUM(Sheet1!K:K) -> 9600
A4: # of Fault Events | B4: =COUNTIF(Sheet1!H:H,"FAULT") -> 2
A5: # of Critical Failures | B5: =COUNTIF(Sheet1!H:H,"CRITICAL") -> 1
A6: Avg Fuel Consumption | B6: =AVERAGE(Sheet1!G:G) -> 21.366667
G7: Key Insights:
G8: ──────────── | H8: ────────────
G9: • Rising oil temperature trends preceded fault and critical failure events
G10: • Downtime and repair costs increased significantly following fault escalation
G11: • Fuel consumption increased alongside equipment stress, indicating reduced efficiency
G12: • Early warning indicators (WARN status) suggest opportunity for predictive maintenance
